"Lon, features",prediction
"-73.9549, [object Object]",0
"-74.0345, [object Object]",0
"-73.9873, [object Object]",0
"-73.9776, [object Object]",0
"-73.9722, [object Object]",0
"-74.0403, [object Object]",0
"-73.9887, [object Object]",0
"-73.979, [object Object]",0
"-73.996, [object Object]",0
"-73.9846, [object Object]",0
"-73.9869, [object Object]",0
"-73.9684, [object Object]",0
"-73.9803, [object Object]",0
"-73.7896, [object Object]",1
"-73.9167, [object Object]",0
"-73.9531, [object Object]",0
"-73.9761, [object Object]",0
"-73.9821, [object Object]",0
"-74.0039, [object Object]",0
"-74.0393, [object Object]",0
"-73.9715, [object Object]",0
"-74.0042, [object Object]",0
"-73.9844, [object Object]",0
"-74.1783, [object Object]",0
"-74.1578, [object Object]",0
"-74.1814, [object Object]",0
"-74.1816, [object Object]",0
"-73.9974, [object Object]",0
"-73.99, [object Object]",0
"-74.0094, [object Object]",0
"-73.9709, [object Object]",0
"-73.991, [object Object]",0
"-73.9876, [object Object]",0
"-74.0149, [object Object]",0
"-73.9752, [object Object]",0
"-73.7829, [object Object]",1
"-74.1782, [object Object]",0
"-73.9875, [object Object]",0
"-73.9632, [object Object]",0
"-73.9985, [object Object]",0
"-73.978, [object Object]",0
"-74.0301, [object Object]",0
"-74.0371, [object Object]",0
"-74.0037, [object Object]",0
"-73.9527, [object Object]",0
"-73.9862, [object Object]",0
"-73.9504, [object Object]",0
"-73.9871, [object Object]",0
"-73.9726, [object Object]",0
"-73.9854, [object Object]",0
"-74.0144, [object Object]",0
"-73.9703, [object Object]",0
"-73.9979, [object Object]",0
"-74.0111, [object Object]",0
"-74.0464, [object Object]",0
"-73.9588, [object Object]",0
"-73.9142, [object Object]",0
"-73.9729, [object Object]",0
"-74.0355, [object Object]",0
"-74.157, [object Object]",0
"-73.9545, [object Object]",0
"-73.9595, [object Object]",0
"-74.082, [object Object]",0
"-73.9879, [object Object]",0
"-73.9568, [object Object]",0
"-73.9944, [object Object]",0
"-73.9623, [object Object]",0
"-74.0033, [object Object]",0
"-73.9989, [object Object]",0
"-73.982, [object Object]",0
"-73.9863, [object Object]",0
"-73.966, [object Object]",0
"-74.0018, [object Object]",0
"-73.9895, [object Object]",0
"-73.9656, [object Object]",0
"-74.0076, [object Object]",0
"-73.9599, [object Object]",0
"-73.9852, [object Object]",0
"-73.9546, [object Object]",0
"-73.9491, [object Object]",0
"-73.95, [object Object]",0
"-73.9997, [object Object]",0
"-73.9749, [object Object]",0
"-73.9442, [object Object]",0
"-73.9812, [object Object]",0
"-73.9557, [object Object]",0
"-74.0054, [object Object]",0
"-73.973, [object Object]",0
"-74.0092, [object Object]",0
"-73.9723, [object Object]",0
"-73.9769, [object Object]",0
"-73.9532, [object Object]",0
"-73.9661, [object Object]",0
"-74.0016, [object Object]",0
"-73.9951, [object Object]",0
"-73.9219, [object Object]",0
"-73.9191, [object Object]",0
"-73.9897, [object Object]",0
"-73.866, [object Object]",3
"-73.9487, [object Object]",0
"-74.0362, [object Object]",0
"-74.0043, [object Object]",0
"-73.9782, [object Object]",0
"-73.9455, [object Object]",0
"-74.0021, [object Object]",0
"-73.9512, [object Object]",0
"-73.9788, [object Object]",0
"-73.8822, [object Object]",1
"-73.9704, [object Object]",0
"-73.9587, [object Object]",0
"-73.9813, [object Object]",0
"-73.9676, [object Object]",0
"-73.9991, [object Object]",0
"-73.9797, [object Object]",0
"-73.9475, [object Object]",0
"-73.9983, [object Object]",0
"-74.1461, [object Object]",0
"-73.9481, [object Object]",0
"-73.9513, [object Object]",0
"-73.9699, [object Object]",0
"-73.9559, [object Object]",0
"-73.9928, [object Object]",0
"-74.0046, [object Object]",0
"-73.9988, [object Object]",0
"-73.956, [object Object]",0
"-73.994, [object Object]",0
"-73.9617, [object Object]",0
"-74.0064, [object Object]",0
"-73.9942, [object Object]",0
"-73.9838, [object Object]",0
"-73.955, [object Object]",0
"-73.9637, [object Object]",0
"-74.0044, [object Object]",0
"-73.9924, [object Object]",0
"-73.9934, [object Object]",0
"-73.9613, [object Object]",0
"-73.981, [object Object]",0
"-73.9994, [object Object]",0
"-74.1774, [object Object]",0
"-73.9495, [object Object]",0
"-73.9801, [object Object]",0
"-74.1811, [object Object]",0
"-74.0074, [object Object]",0
"-73.9845, [object Object]",0
"-73.9802, [object Object]",0
"-73.9502, [object Object]",0
"-73.9936, [object Object]",0
"-74.0099, [object Object]",0
"-73.9805, [object Object]",0
"-73.9707, [object Object]",0
"-74.1813, [object Object]",0
"-73.9692, [object Object]",0
"-74.0104, [object Object]",0
"-73.9881, [object Object]",0
"-73.9766, [object Object]",0
"-73.9618, [object Object]",0
"-73.9743, [object Object]",0
"-73.9843, [object Object]",0
"-73.9913, [object Object]",0
"-73.9748, [object Object]",0
"-74.0004, [object Object]",0
"-73.9912, [object Object]",0
"-73.9211, [object Object]",0
"-73.9787, [object Object]",0
"-74.0038, [object Object]",0
"-73.9737, [object Object]",0
"-74.1778, [object Object]",0
"-73.9914, [object Object]",0
"-73.9358, [object Object]",0
"-73.9714, [object Object]",0
"-73.9548, [object Object]",0
"-73.9542, [object Object]",0
"-73.9918, [object Object]",0
"-73.9937, [object Object]",0
"-74.0628, [object Object]",0
"-73.9981, [object Object]",0
"-73.9578, [object Object]",0
"-73.9861, [object Object]",0
"-73.9841, [object Object]",0
"-73.9724, [object Object]",0
"-73.9965, [object Object]",0
"-74.0087, [object Object]",0
"-73.9652, [object Object]",0
"-73.9602, [object Object]",0
"-73.8717, [object Object]",1
"-73.9963, [object Object]",0
"-73.8669, [object Object]",1
"-73.9888, [object Object]",0
"-74.0029, [object Object]",0
"-73.9784, [object Object]",0
"-73.9499, [object Object]",0
"-74.0153, [object Object]",0
"-74.0061, [object Object]",0
"-73.9635, [object Object]",0
"-73.9639, [object Object]",0
"-73.951, [object Object]",0
"-73.9594, [object Object]",0
"-73.983, [object Object]",0
"-73.9901, [object Object]",0
"-73.9878, [object Object]",0
"-73.975, [object Object]",0
"-73.9598, [object Object]",0
"-73.9669, [object Object]",0
"-73.9948, [object Object]",0
"-73.9636, [object Object]",0
"-74.0071, [object Object]",0
"-74.0367, [object Object]",0
"-73.9911, [object Object]",0
"-73.992, [object Object]",0
"-73.9698, [object Object]",0
"-73.9982, [object Object]",0
"-73.9837, [object Object]",0
"-74.0162, [object Object]",0
"-73.9759, [object Object]",0
"-73.9773, [object Object]",0
"-73.8726, [object Object]",2
"-73.9907, [object Object]",0
"-73.9847, [object Object]",0
"-73.9638, [object Object]",0
"-73.7956, [object Object]",1
"-73.9581, [object Object]",0
"-73.9935, [object Object]",0
"-73.9626, [object Object]",0
"-73.9929, [object Object]",0
"-74.1779, [object Object]",0
"-73.9877, [object Object]",0
"-74.1781, [object Object]",0
"-73.9754, [object Object]",0
"-73.989, [object Object]",0
"-73.9607, [object Object]",0
"-73.9654, [object Object]",0
"-73.8627, [object Object]",1
"-74.0062, [object Object]",0
"-73.9781, [object Object]",0
"-73.9677, [object Object]",0
"-73.9694, [object Object]",0
"-73.9789, [object Object]",0
"-73.9629, [object Object]",0
"-74.0058, [object Object]",0
"-74.0049, [object Object]",0
"-73.9964, [object Object]",0
"-74.0456, [object Object]",0
"-73.9721, [object Object]",0
"-73.9728, [object Object]",0
"-73.9916, [object Object]",0
"-73.9774, [object Object]",0
"-74.0468, [object Object]",0
"-73.9658, [object Object]",0
"-73.9765, [object Object]",0
"-73.9902, [object Object]",0
"-73.9899, [object Object]",0
"-74.0041, [object Object]",0
"-73.9815, [object Object]",0
"-73.9584, [object Object]",0
"-73.9612, [object Object]",0
"-73.9958, [object Object]",0
"-73.9662, [object Object]",0
"-74.0031, [object Object]",0
"-73.9829, [object Object]",0
"-73.9441, [object Object]",0
"-73.9969, [object Object]",0
"-73.9972, [object Object]",0
"-74.0107, [object Object]",0
"-74.0036, [object Object]",0
"-73.9746, [object Object]",0
"-73.9762, [object Object]",0
"-74.0172, [object Object]",0
"-73.9954, [object Object]",0
"-74.0114, [object Object]",0
"-74.0156, [object Object]",0
"-74.0133, [object Object]",0
"-73.9619, [object Object]",0
"-73.8625, [object Object]",3
"-73.9874, [object Object]",0
"-73.8716, [object Object]",1
"-74.0163, [object Object]",0
"-73.9804, [object Object]",0
"-74.022, [object Object]",0
"-74.1817, [object Object]",0
"-73.9747, [object Object]",0
"-73.9451, [object Object]",0
"-73.9682, [object Object]",0
"-73.9816, [object Object]",0
"-73.8016, [object Object]",1
"-73.9535, [object Object]",0
"-73.9673, [object Object]",0
"-73.9577, [object Object]",0
"-73.9796, [object Object]",0
"-73.972, [object Object]",0
"-74.0035, [object Object]",0
"-73.8857, [object Object]",2
"-73.9919, [object Object]",0
"-74.178, [object Object]",0
"-74.0012, [object Object]",0
"-73.9742, [object Object]",0
"-73.9533, [object Object]",0
"-73.9973, [object Object]",0
"-73.9853, [object Object]",0
"-74.2213, [object Object]",0
"-73.9708, [object Object]",0
"-73.9756, [object Object]",0
"-74.0008, [object Object]",0
"-73.9621, [object Object]",0
"-74.0349, [object Object]",0
"-73.9842, [object Object]",0
"-73.8811, [object Object]",1
"-73.9757, [object Object]",0
"-73.9857, [object Object]",0
"-74.42, [object Object]",0
"-74.0007, [object Object]",0
"-73.8624, [object Object]",3
"-74.0078, [object Object]",0
"-74.0024, [object Object]",0
"-73.9538, [object Object]",0
"-73.985, [object Object]",0
"-73.987, [object Object]",0
"-73.9589, [object Object]",0
"-73.9839, [object Object]",0
"-74.0761, [object Object]",0
"-73.9739, [object Object]",0
"-73.8733, [object Object]",1
"-74.0123, [object Object]",0
"-73.9855, [object Object]",0
"-73.9917, [object Object]",0
"-73.9926, [object Object]",0
"-74.0065, [object Object]",0
"-73.988, [object Object]",0
"-74.0248, [object Object]",0
"-73.9686, [object Object]",0
"-74.0088, [object Object]",0
"-73.9923, [object Object]",0
"-73.9872, [object Object]",0
"-74.1784, [object Object]",0
"-73.8728, [object Object]",2
"-73.4202, [object Object]",1
"-73.9251, [object Object]",0
"-73.9966, [object Object]",0
"-73.961, [object Object]",0
"-73.8727, [object Object]",2
"-74.0005, [object Object]",0
"-74.0126, [object Object]",0
"-73.9523, [object Object]",0
"-73.9717, [object Object]",0
"-73.9905, [object Object]",0
"-73.993, [object Object]",0
"-73.9655, [object Object]",0
"-73.8724, [object Object]",2
"-74.1775, [object Object]",0
"-73.9998, [object Object]",0
"-73.8856, [object Object]",1
"-73.9894, [object Object]",0
"-73.9685, [object Object]",0
"-74.3923, [object Object]",0
"-73.9736, [object Object]",0
"-73.9556, [object Object]",0
"-74.0006, [object Object]",0
"-73.9909, [object Object]",0
"-73.9657, [object Object]",0
"-73.9893, [object Object]",0
"-73.9791, [object Object]",0
"-73.9867, [object Object]",0
"-74.001, [object Object]",0
"-73.9693, [object Object]",0
"-73.7819, [object Object]",1
"-74.0736, [object Object]",0
"-73.9768, [object Object]",0
"-74.0097, [object Object]",0
"-73.9915, [object Object]",0
"-73.7826, [object Object]",1
"-73.9628, [object Object]",0
"-74.0051, [object Object]",0
"-74.1834, [object Object]",0
"-73.9706, [object Object]",0
"-74.1787, [object Object]",0
"-73.9697, [object Object]",0
"-73.9945, [object Object]",0
"-73.953, [object Object]",0
"-74.0022, [object Object]",0
"-74.0025, [object Object]",0
"-73.9745, [object Object]",0
"-74.0093, [object Object]",0
"-73.9631, [object Object]",0
"-73.9795, [object Object]",0
"-73.9622, [object Object]",0
"-73.9755, [object Object]",0
"-73.9558, [object Object]",0
"-73.9825, [object Object]",0
"-73.9806, [object Object]",0
"-73.9536, [object Object]",0
"-73.8658, [object Object]",2
"-73.9716, [object Object]",0
"-73.974, [object Object]",0
"-73.9849, [object Object]",0
"-73.96, [object Object]",0
"-73.9735, [object Object]",0
"-74.0067, [object Object]",0
"-73.9744, [object Object]",0
"-73.9727, [object Object]",0
"-73.977, [object Object]",0
"-73.9547, [object Object]",0
"-73.9466, [object Object]",0
"-74.0131, [object Object]",0
"-74.0073, [object Object]",0
"-73.8715, [object Object]",1
"-73.998, [object Object]",0
"-73.7895, [object Object]",1
"-73.9753, [object Object]",0
"-73.7823, [object Object]",1
"-73.9947, [object Object]",0
"-73.9608, [object Object]",0
"-73.9712, [object Object]",0
"-73.9696, [object Object]",0
"-74.01, [object Object]",0
"-74.1794, [object Object]",0
"-74.0053, [object Object]",0
"-73.9834, [object Object]",0
"-73.9751, [object Object]",0
"-74.0112, [object Object]",0
"-73.9633, [object Object]",0
"-73.9647, [object Object]",0
"-73.9868, [object Object]",0
"-73.9566, [object Object]",0
"-73.8991, [object Object]",0
"-73.9809, [object Object]",0
"-74.008, [object Object]",0
"-73.997, [object Object]",0
"-73.9641, [object Object]",0
"-74.0055, [object Object]",0
"-74.0077, [object Object]",0
"-73.9733, [object Object]",0
"-73.9772, [object Object]",0
"-73.9741, [object Object]",0
"-73.9968, [object Object]",0
"-74.0662, [object Object]",0
"-73.9987, [object Object]",0
"-74.0084, [object Object]",0
"-73.9858, [object Object]",0
"-73.9651, [object Object]",0
"-74.0003, [object Object]",0
"-73.9955, [object Object]",0
"-73.958, [object Object]",0
"-73.8725, [object Object]",1
"-73.9824, [object Object]",0
"-74.1771, [object Object]",0
"-73.8655, [object Object]",1
"-74.0072, [object Object]",0
"-73.9811, [object Object]",0
"-73.7768, [object Object]",1
"-73.967, [object Object]",0
"-73.9625, [object Object]",0
"-73.9763, [object Object]",0
"-73.9891, [object Object]",0
"-73.9482, [object Object]",0
"-73.9851, [object Object]",0
"-73.9856, [object Object]",0
"-73.9908, [object Object]",0
"-74.0048, [object Object]",0
"-73.962, [object Object]",0
"-73.9764, [object Object]",0
"-73.9573, [object Object]",0
"-73.9553, [object Object]",0
"-73.9767, [object Object]",0
"-73.9898, [object Object]",0
"-73.986, [object Object]",0
"-73.9941, [object Object]",0
"-74.0091, [object Object]",0
"-74.0127, [object Object]",0
"-73.9904, [object Object]",0
"-74.2762, [object Object]",0
"-73.8838, [object Object]",1
"-73.9884, [object Object]",0
"-73.9521, [object Object]",0
"-73.9689, [object Object]",0
"-73.9701, [object Object]",0
"-74.0356, [object Object]",0
"-73.9672, [object Object]",0
"-73.9956, [object Object]",0
"-73.9615, [object Object]",0
"-74.0069, [object Object]",0
"-73.9718, [object Object]",0
"-74.0085, [object Object]",0
"-73.9786, [object Object]",0
"-74.0167, [object Object]",0
"-73.9933, [object Object]",0
"-74.0347, [object Object]",0
"-73.9688, [object Object]",0
"-73.9326, [object Object]",0
"-73.9832, [object Object]",0
"-73.4372, [object Object]",1
"-73.9734, [object Object]",0
"-73.9831, [object Object]",0
"-73.9814, [object Object]",0
"-74.0346, [object Object]",0
"-73.9779, [object Object]",0
"-73.7822, [object Object]",2
"-73.9848, [object Object]",0
"-74.0017, [object Object]",0
"-73.9691, [object Object]",0
"-73.9886, [object Object]",0
"-74.0079, [object Object]",0
"-73.9731, [object Object]",0
"-73.9569, [object Object]",0
"-74.0235, [object Object]",0
"-73.995, [object Object]",0
"-73.9713, [object Object]",0
"-74.002, [object Object]",0
"-74.0103, [object Object]",0
"-73.9835, [object Object]",0
"-74.1689, [object Object]",0
"-73.9984, [object Object]",0
"-73.9539, [object Object]",0
"-73.9975, [object Object]",0
"-73.9949, [object Object]",0
"-74.183, [object Object]",0
"-73.9552, [object Object]",0
"-73.9865, [object Object]",0
"-74.0068, [object Object]",0
"-74.0308, [object Object]",0
"-74.0057, [object Object]",0
"-74.0461, [object Object]",0
"-73.984, [object Object]",0
"-73.9439, [object Object]",0
"-73.9828, [object Object]",0
"-73.9624, [object Object]",0
"-74.181, [object Object]",0
"-73.8232, [object Object]",1
"-74.1798, [object Object]",0
"-73.9792, [object Object]",0
"-73.6507, [object Object]",1
"-73.9962, [object Object]",0
"-73.7899, [object Object]",1
"-74.015, [object Object]",0
"-73.9777, [object Object]",0
"-74.0056, [object Object]",0
"-74.2143, [object Object]",0
"-74.0027, [object Object]",0
"-73.9664, [object Object]",0
"-73.9794, [object Object]",0
"-74.0101, [object Object]",0
"-74.009, [object Object]",0
"-73.8626, [object Object]",2
"-74.0323, [object Object]",0
"-73.9931, [object Object]",0
"-74.0083, [object Object]",0
"-74.0339, [object Object]",0
"-74.0228, [object Object]",0
"-73.9807, [object Object]",0
"-74.0635, [object Object]",0
"-73.9758, [object Object]",0
"-73.9785, [object Object]",0
"-73.8847, [object Object]",1
"-73.9959, [object Object]",0
"-74.0081, [object Object]",0
"-73.9921, [object Object]",0
"-73.9946, [object Object]",0
"-73.9922, [object Object]",0
"-74.0096, [object Object]",0
"-73.9938, [object Object]",0
"-73.9927, [object Object]",0
"-74.0808, [object Object]",0
"-73.9725, [object Object]",0
"-74.0082, [object Object]",0
"-74.0013, [object Object]",0
"-73.8719, [object Object]",1
"-73.9992, [object Object]",0
"-73.9996, [object Object]",0
"-73.9738, [object Object]",0
"-74.0305, [object Object]",0
"-73.7901, [object Object]",1
"-73.9859, [object Object]",0
"-74.1574, [object Object]",0
"-74.0269, [object Object]",0
"-73.9906, [object Object]",0
"-74.0075, [object Object]",0
"-73.9464, [object Object]",0
"-73.9369, [object Object]",0
"-73.9818, [object Object]",0
"-74, [object Object]",0
"-73.9554, [object Object]",0
"-74.0095, [object Object]",0
"-73.9205, [object Object]",0
"-73.9702, [object Object]",0
